<?xml version="1.0" encoding="UTF-8" ?>
<fossprt>
	<id>waybill</id>
	<name>返货单打印</name>
	<description>返货单打印</description>
	<jrxml>com/deppon/foss/prt/returngoodsWaybill/returngoodsWaybillprt.jrxml</jrxml>
	<jasper>com/deppon/foss/prt/returngoodsWaybill/returngoodsWaybillprt.jasper</jasper>
   	<javads>com.deppon.foss.prt.returngoodsWaybill.ReturngoodsWaybillPrtDataSourcece</javads>
	<parameters>                       
		<parameter>fnumber</parameter>
	</parameters>
</fossprt>