<?xml version="1.0" encoding="UTF-8" ?>
<fossprt>
	<id>changetransportWaybill</id>
	<name>转运单打印</name>
	<description>转运单打印</description>
	<jrxml>com/deppon/foss/prt/changetransportWaybill/changetransportWaybillprt.jrxml</jrxml>
	<jasper>com/deppon/foss/prt/changetransportWaybill/changetransportWaybillprt.jasper</jasper>
	<javads>com.deppon.foss.prt.changetransportWaybill.ChangetransportWaybillPrtDataSource</javads>
	<parameters>                       
		<parameter>fnumber</parameter>
	</parameters>
</fossprt>